sigma_int,sigma_int_lower,sigma_int_upper,logN_HI,logN_HI_lower,logN_HI_upper,v_exp,v_exp_lower,v_exp_upper,logT,logT_lower,logT_upper,v_lya,v_lya_lower,v_lya_upper,A_lya
25.03528924207785,18.147302093424557,17.629437127275743,19.845600415983437,0.03346102287755315,0.02431340688244532,18.78396062796717,1.0292904042768214,1.2877397236497075,4.116092029667307,0.04087083471125119,0.056680647926283356,-1.946052181185464,1.19719264719762,1.6101223996656533,0.28432088584728116
